,course,rooms,period,color,needed capacity,available capacity,start,end
0,103سلم,"['420', '425']",0,0,259,400,2025-04-05 09:00:00,2025-04-05 10:00:00
1,210كهر,['305'],0,0,14,200,2025-04-05 09:00:00,2025-04-05 10:00:00
2,215 هال,['304'],0,0,12,200,2025-04-05 09:00:00,2025-04-05 10:00:00
3,101حسب,['408'],0,0,35,150,2025-04-05 09:00:00,2025-04-05 10:00:00
4,433بشر,['415'],0,0,44,100,2025-04-05 09:00:00,2025-04-05 10:00:00
5,حسب461,['407'],0,0,12,150,2025-04-05 09:00:00,2025-04-05 10:00:00
6,380عال,['411'],0,0,9,100,2025-04-05 09:00:00,2025-04-05 10:00:00
7,206نظم,['203'],0,0,36,250,2025-04-05 09:00:00,2025-04-05 10:00:00
8,207نظم,['303'],0,0,47,250,2025-04-05 09:00:00,2025-04-05 10:00:00
9,302نظم,['407'],0,0,21,100,2025-04-05 09:00:00,2025-04-05 10:00:00
10,عال 339,['406'],0,0,2,40,2025-04-05 09:00:00,2025-04-05 10:00:00
11,317 هال,['405'],0,0,3,40,2025-04-05 09:00:00,2025-04-05 10:00:00
12,411نظم,['طرقة الأمين'],0,0,3,30,2025-04-05 09:00:00,2025-04-05 10:00:00
13,313 هال,['طرقة الألماني'],0,0,2,30,2025-04-05 09:00:00,2025-04-05 10:00:00
14,419 دوي,['طرقة معامل الدور الثالث'],0,0,35,50,2025-04-05 09:00:00,2025-04-05 10:00:00
15,226 دوي,['طرقة معامل الدور الرابع'],0,0,28,50,2025-04-05 09:00:00,2025-04-05 10:00:00
16,322 صيد,['طرقة الشؤون'],0,0,12,50,2025-04-05 09:00:00,2025-04-05 10:00:00
17,212 كلن,['420'],1,0,24,200,2025-04-05 10:30:00,2025-04-05 11:30:00
18,472 تمض,['425'],1,0,32,200,2025-04-05 10:30:00,2025-04-05 11:30:00
19,202 كلن,['305'],1,0,10,200,2025-04-05 10:30:00,2025-04-05 11:30:00
20,329عال,['304'],1,0,2,200,2025-04-05 10:30:00,2025-04-05 11:30:00
21,112 نجم,['408'],1,0,3,150,2025-04-05 10:30:00,2025-04-05 11:30:00
22,439 هال,['415'],1,0,3,100,2025-04-05 10:30:00,2025-04-05 11:30:00
23,حسب102,['407'],1,0,3,150,2025-04-05 10:30:00,2025-04-05 11:30:00
24,312 أشع,['411'],1,0,3,100,2025-04-05 10:30:00,2025-04-05 11:30:00
25,312 كلن,['203'],1,0,13,250,2025-04-05 10:30:00,2025-04-05 11:30:00
26,429عال,['303'],1,0,2,250,2025-04-05 10:30:00,2025-04-05 11:30:00
27,455هال,['407'],1,0,1,100,2025-04-05 10:30:00,2025-04-05 11:30:00
28,999 عال,['406'],1,0,1,40,2025-04-05 10:30:00,2025-04-05 11:30:00
29,202كهر,['405'],1,0,4,40,2025-04-05 10:30:00,2025-04-05 11:30:00
30,422 هيل,['طرقة الأمين'],1,0,9,30,2025-04-05 10:30:00,2025-04-05 11:30:00
31,204كهر,['طرقة الألماني'],1,0,1,30,2025-04-05 10:30:00,2025-04-05 11:30:00
32,145كيم,['طرقة معامل الدور الثالث'],1,0,9,50,2025-04-05 10:30:00,2025-04-05 11:30:00
33,103 arab,['طرقة معامل الدور الرابع'],1,0,8,50,2025-04-05 10:30:00,2025-04-05 11:30:00
34,331 mds,['طرقة الشؤون'],1,0,23,50,2025-04-05 10:30:00,2025-04-05 11:30:00
35,333تسق,['420'],2,0,1,200,2025-04-05 12:00:00,2025-04-05 13:00:00
36,457صحه,['425'],2,0,1,200,2025-04-05 12:00:00,2025-04-05 13:00:00
37,SP235,['305'],2,0,75,200,2025-04-05 12:00:00,2025-04-05 13:00:00
38,ED221,['304'],2,0,38,200,2025-04-05 12:00:00,2025-04-05 13:00:00
39,ED363,['408'],2,0,17,150,2025-04-05 12:00:00,2025-04-05 13:00:00
40,SP405,['415'],2,0,11,100,2025-04-05 12:00:00,2025-04-05 13:00:00
41,ARAB 101,['407'],2,0,6,150,2025-04-05 12:00:00,2025-04-05 13:00:00
42,HIMG 405,['411'],2,0,5,100,2025-04-05 12:00:00,2025-04-05 13:00:00
43,CHIM 101,['203'],2,0,3,250,2025-04-05 12:00:00,2025-04-05 13:00:00
44,BIOL 101,['303'],2,0,1,250,2025-04-05 12:00:00,2025-04-05 13:00:00
45,ENGL 102,['407'],2,0,3,100,2025-04-05 12:00:00,2025-04-05 13:00:00
46,ARAB102,['406'],2,0,6,40,2025-04-05 12:00:00,2025-04-05 13:00:00
47,ENG913,['405'],2,0,2,40,2025-04-05 12:00:00,2025-04-05 13:00:00
48,ENG212,['طرقة الأمين'],2,0,1,30,2025-04-05 12:00:00,2025-04-05 13:00:00
49,462 أشع,['طرقة الألماني'],2,0,1,30,2025-04-05 12:00:00,2025-04-05 13:00:00
50,104سلم,"['420', '425']",3,1,210,400,2025-04-05 13:30:00,2025-04-05 14:30:00
51,301كهر,['305'],3,1,25,200,2025-04-05 13:30:00,2025-04-05 14:30:00
52,332كهر,['304'],3,1,14,200,2025-04-05 13:30:00,2025-04-05 14:30:00
53,104كيم,['408'],3,1,8,150,2025-04-05 13:30:00,2025-04-05 14:30:00
54,140 تقن,['415'],3,1,28,100,2025-04-05 13:30:00,2025-04-05 14:30:00
55,معمل1,['407'],3,1,7,150,2025-04-05 13:30:00,2025-04-05 14:30:00
56,227عال,['411'],3,1,7,100,2025-04-05 13:30:00,2025-04-05 14:30:00
57,107ريض,['203'],3,1,29,250,2025-04-05 13:30:00,2025-04-05 14:30:00
58,432بشر,['303'],3,1,28,250,2025-04-05 13:30:00,2025-04-05 14:30:00
59,مال101,['407'],3,1,28,100,2025-04-05 13:30:00,2025-04-05 14:30:00
60,210نظم,"['406', '405']",3,1,50,80,2025-04-05 13:30:00,2025-04-05 14:30:00
61,415هال,['طرقة الأمين'],3,1,6,30,2025-04-05 13:30:00,2025-04-05 14:30:00
62,434هال,['طرقة الألماني'],3,1,2,30,2025-04-05 13:30:00,2025-04-05 14:30:00
63,492 هال,['طرقة معامل الدور الثالث'],3,1,3,50,2025-04-05 13:30:00,2025-04-05 14:30:00
64,413نظم,['طرقة معامل الدور الرابع'],3,1,2,50,2025-04-05 13:30:00,2025-04-05 14:30:00
65,422 كهر,['طرقة الشؤون'],3,1,8,50,2025-04-05 13:30:00,2025-04-05 14:30:00
66,426كمص,['420'],4,1,20,200,2025-04-05 15:00:00,2025-04-05 16:00:00
67,428كمص,['425'],4,1,39,200,2025-04-05 15:00:00,2025-04-05 16:00:00
68,429 كمص,['305'],4,1,3,200,2025-04-05 15:00:00,2025-04-05 16:00:00
69,221 هيل,['304'],4,1,15,200,2025-04-05 15:00:00,2025-04-05 16:00:00
70,488 تمض,['408'],4,1,38,150,2025-04-05 15:00:00,2025-04-05 16:00:00
71,362 تمض,['415'],4,1,18,100,2025-04-05 15:00:00,2025-04-05 16:00:00
72,114 نجم,['407'],4,1,12,150,2025-04-05 15:00:00,2025-04-05 16:00:00
73,223 صحة,['411'],4,1,18,100,2025-04-05 15:00:00,2025-04-05 16:00:00
74,381عال,['203'],4,1,1,250,2025-04-05 15:00:00,2025-04-05 16:00:00
75,496 هال,['303'],4,1,2,250,2025-04-05 15:00:00,2025-04-05 16:00:00
76,372 نفس,['407'],4,1,8,100,2025-04-05 15:00:00,2025-04-05 16:00:00
77,421 هيل,['406'],4,1,1,40,2025-04-05 15:00:00,2025-04-05 16:00:00
78,443كهر,['405'],4,1,1,40,2025-04-05 15:00:00,2025-04-05 16:00:00
79,181 den,"['طرقة الأمين', 'طرقة الألماني']",4,1,44,60,2025-04-05 15:00:00,2025-04-05 16:00:00
80,221PDS,['طرقة معامل الدور الثالث'],4,1,32,50,2025-04-05 15:00:00,2025-04-05 16:00:00
81,331 sds,['طرقة معامل الدور الرابع'],4,1,33,50,2025-04-05 15:00:00,2025-04-05 16:00:00
82,441تسق,['طرقة الشؤون'],4,1,1,50,2025-04-05 15:00:00,2025-04-05 16:00:00
83,AR325,['420'],5,1,34,200,2025-04-05 16:30:00,2025-04-05 17:30:00
84,AE111,['425'],5,1,46,200,2025-04-05 16:30:00,2025-04-05 17:30:00
85,GR111,['305'],5,1,51,200,2025-04-05 16:30:00,2025-04-05 17:30:00
86,HIMG 411,['304'],5,1,6,200,2025-04-05 16:30:00,2025-04-05 17:30:00
87,PHYS 101,['408'],5,1,2,150,2025-04-05 16:30:00,2025-04-05 17:30:00
88,HIMG 316,['415'],5,1,1,100,2025-04-05 16:30:00,2025-04-05 17:30:00
89,ENG315,['407'],5,1,6,150,2025-04-05 16:30:00,2025-04-05 17:30:00
90,ENG415,['411'],5,1,5,100,2025-04-05 16:30:00,2025-04-05 17:30:00
91,ENG1012,['203'],5,1,2,250,2025-04-05 16:30:00,2025-04-05 17:30:00
92,ENG116,['303'],5,1,1,250,2025-04-05 16:30:00,2025-04-05 17:30:00
93,433 أشع,['407'],5,1,1,100,2025-04-05 16:30:00,2025-04-05 17:30:00
94,103عرب,['420'],6,2,177,200,2025-04-06 18:00:00,2025-04-06 19:00:00
95,140علم,['425'],6,2,29,200,2025-04-06 18:00:00,2025-04-06 19:00:00
96,101كيم,['305'],6,2,31,200,2025-04-06 18:00:00,2025-04-06 19:00:00
97,449كهر,['304'],6,2,5,200,2025-04-06 18:00:00,2025-04-06 19:00:00
98,103كيم,['408'],6,2,15,150,2025-04-06 18:00:00,2025-04-06 19:00:00
99,220 عال,['415'],6,2,11,100,2025-04-06 18:00:00,2025-04-06 19:00:00
100,447هال,['407'],6,2,4,150,2025-04-06 18:00:00,2025-04-06 19:00:00
101,322بشر,['411'],6,2,25,100,2025-04-06 18:00:00,2025-04-06 19:00:00
102,444بشر,['203'],6,2,36,250,2025-04-06 18:00:00,2025-04-06 19:00:00
103,140تصل,['303'],6,2,12,250,2025-04-06 18:00:00,2025-04-06 19:00:00
104,نظم,['407'],6,2,27,100,2025-04-06 18:00:00,2025-04-06 19:00:00
105,حسب413,['406'],6,2,5,40,2025-04-06 18:00:00,2025-04-06 19:00:00
106,311عال,['405'],6,2,4,40,2025-04-06 18:00:00,2025-04-06 19:00:00
107,230نال,['طرقة الأمين'],6,2,7,30,2025-04-06 18:00:00,2025-04-06 19:00:00
108,111عال,['طرقة الألماني'],6,2,17,30,2025-04-06 18:00:00,2025-04-06 19:00:00
109,105نظم,"['طرقة معامل الدور الثالث', 'طرقة معامل الدور الرابع']",6,2,62,100,2025-04-06 18:00:00,2025-04-06 19:00:00
110,404نظم,['طرقة الشؤون'],6,2,11,50,2025-04-06 18:00:00,2025-04-06 19:00:00
111,407نظم,['420'],7,2,1,200,2025-04-06 19:30:00,2025-04-06 20:30:00
112,999كهر,['425'],7,2,2,200,2025-04-06 19:30:00,2025-04-06 20:30:00
113,424 عقر,['305'],7,2,34,200,2025-04-06 19:30:00,2025-04-06 20:30:00
114,434عقر,['304'],7,2,6,200,2025-04-06 19:30:00,2025-04-06 20:30:00
115,224 صيد,['408'],7,2,16,150,2025-04-06 19:30:00,2025-04-06 20:30:00
116,227 تيك,['415'],7,2,42,100,2025-04-06 19:30:00,2025-04-06 20:30:00
117,101 اشع,['407'],7,2,20,150,2025-04-06 19:30:00,2025-04-06 20:30:00
118,497عال,['411'],7,2,4,100,2025-04-06 19:30:00,2025-04-06 20:30:00
119,101سلم,['203'],7,2,16,250,2025-04-06 19:30:00,2025-04-06 20:30:00
120,223 كلن,['303'],7,2,1,250,2025-04-06 19:30:00,2025-04-06 20:30:00
121,311 كلن,['407'],7,2,5,100,2025-04-06 19:30:00,2025-04-06 20:30:00
122,400ترض,['406'],7,2,1,40,2025-04-06 19:30:00,2025-04-06 20:30:00
123,336عال,['405'],7,2,2,40,2025-04-06 19:30:00,2025-04-06 20:30:00
124,456 هال,['طرقة الأمين'],7,2,1,30,2025-04-06 19:30:00,2025-04-06 20:30:00
125,344 هال,['طرقة الألماني'],7,2,1,30,2025-04-06 19:30:00,2025-04-06 20:30:00
126,466 هال,['طرقة معامل الدور الثالث'],7,2,1,50,2025-04-06 19:30:00,2025-04-06 20:30:00
127,213هال,['طرقة معامل الدور الرابع'],7,2,2,50,2025-04-06 19:30:00,2025-04-06 20:30:00
128,442 هيل,['طرقة الشؤون'],7,2,3,50,2025-04-06 19:30:00,2025-04-06 20:30:00
129,145حين,['420'],8,2,3,200,2025-04-06 21:00:00,2025-04-06 22:00:00
130,341 mds,['425'],8,2,28,200,2025-04-06 21:00:00,2025-04-06 22:00:00
131,381 den,['305'],8,2,6,200,2025-04-06 21:00:00,2025-04-06 22:00:00
132,242MDS,['304'],8,2,31,200,2025-04-06 21:00:00,2025-04-06 22:00:00
133,101ريض,['408'],8,2,1,150,2025-04-06 21:00:00,2025-04-06 22:00:00
134,456صحه,['415'],8,2,1,100,2025-04-06 21:00:00,2025-04-06 22:00:00
135,ED433,['407'],8,2,38,150,2025-04-06 21:00:00,2025-04-06 22:00:00
136,SP233,['411'],8,2,53,100,2025-04-06 21:00:00,2025-04-06 22:00:00
137,GR100,['203'],8,2,25,250,2025-04-06 21:00:00,2025-04-06 22:00:00
138,HIMG 444,['303'],8,2,5,250,2025-04-06 21:00:00,2025-04-06 22:00:00
139,ARAB 102,['407'],8,2,4,100,2025-04-06 21:00:00,2025-04-06 22:00:00
140,ENG314,['406'],8,2,5,40,2025-04-06 21:00:00,2025-04-06 22:00:00
141,ENG414,['405'],8,2,6,40,2025-04-06 21:00:00,2025-04-06 22:00:00
142,ENG1014,['طرقة الأمين'],8,2,2,30,2025-04-06 21:00:00,2025-04-06 22:00:00
143,ENG214,['طرقة الألماني'],8,2,1,30,2025-04-06 21:00:00,2025-04-06 22:00:00
144,102سلم,['420'],9,3,120,200,2025-04-06 22:30:00,2025-04-06 23:30:00
145,211هعم,['425'],9,3,27,200,2025-04-06 22:30:00,2025-04-06 23:30:00
146,403هعم,['305'],9,3,20,200,2025-04-06 22:30:00,2025-04-06 23:30:00
147,140نهج,['304'],9,3,77,200,2025-04-06 22:30:00,2025-04-06 23:30:00
148,113عال,['408'],9,3,31,150,2025-04-06 22:30:00,2025-04-06 23:30:00
149,342عال,['415'],9,3,23,100,2025-04-06 22:30:00,2025-04-06 23:30:00
150,470 هال,['407'],9,3,7,150,2025-04-06 22:30:00,2025-04-06 23:30:00
151,323بشر,['411'],9,3,50,100,2025-04-06 22:30:00,2025-04-06 23:30:00
152,443بشر,['203'],9,3,31,250,2025-04-06 22:30:00,2025-04-06 23:30:00
153,مال,['303'],9,3,32,250,2025-04-06 22:30:00,2025-04-06 23:30:00
154,211نظم,['407'],9,3,59,100,2025-04-06 22:30:00,2025-04-06 23:30:00
155,309نظم,['406'],9,3,28,40,2025-04-06 22:30:00,2025-04-06 23:30:00
156,412نظم,['405'],9,3,17,40,2025-04-06 22:30:00,2025-04-06 23:30:00
157,425 كهر,['طرقة الأمين'],9,3,8,30,2025-04-06 22:30:00,2025-04-06 23:30:00
158,434صيد,"['طرقة الألماني', 'طرقة معامل الدور الثالث']",9,3,35,80,2025-04-06 22:30:00,2025-04-06 23:30:00
159,324 صيد,['طرقة معامل الدور الرابع'],9,3,19,50,2025-04-06 22:30:00,2025-04-06 23:30:00
160,312 صيد,['طرقة الشؤون'],9,3,6,50,2025-04-06 22:30:00,2025-04-06 23:30:00
161,341 هيل,['420'],10,3,14,200,2025-04-07 00:00:00,2025-04-07 01:00:00
162,361 تمض,['425'],10,3,41,200,2025-04-07 00:00:00,2025-04-07 01:00:00
163,471 تمض,['305'],10,3,53,200,2025-04-07 00:00:00,2025-04-07 01:00:00
164,244 تمض,['304'],10,3,8,200,2025-04-07 00:00:00,2025-04-07 01:00:00
165,311 أشع,['408'],10,3,5,150,2025-04-07 00:00:00,2025-04-07 01:00:00
166,324 كلن,['415'],10,3,18,100,2025-04-07 00:00:00,2025-04-07 01:00:00
167,444هال,['407'],10,3,1,150,2025-04-07 00:00:00,2025-04-07 01:00:00
168,352 هال,['411'],10,3,1,100,2025-04-07 00:00:00,2025-04-07 01:00:00
169,999هال,['203'],10,3,1,250,2025-04-07 00:00:00,2025-04-07 01:00:00
170,424 هيل,['303'],10,3,7,250,2025-04-07 00:00:00,2025-04-07 01:00:00
171,228 تيك,['407'],10,3,2,100,2025-04-07 00:00:00,2025-04-07 01:00:00
172,498كهر,['406'],10,3,1,40,2025-04-07 00:00:00,2025-04-07 01:00:00
173,101 arab,['405'],10,3,15,40,2025-04-07 00:00:00,2025-04-07 01:00:00
174,311 mds,"['طرقة الأمين', 'طرقة الألماني']",10,3,31,60,2025-04-07 00:00:00,2025-04-07 01:00:00
175,210PATH,['طرقة معامل الدور الثالث'],10,3,31,50,2025-04-07 00:00:00,2025-04-07 01:00:00
176,344هال,['طرقة معامل الدور الرابع'],10,3,1,50,2025-04-07 00:00:00,2025-04-07 01:00:00
177,334تسق,['طرقة الشؤون'],10,3,1,50,2025-04-07 00:00:00,2025-04-07 01:00:00
178,EL112,['420'],11,3,48,200,2025-04-07 01:30:00,2025-04-07 02:30:00
179,ED467,['425'],11,3,51,200,2025-04-07 01:30:00,2025-04-07 02:30:00
180,ED350,['305'],11,3,32,200,2025-04-07 01:30:00,2025-04-07 02:30:00
181,EL111,['304'],11,3,3,200,2025-04-07 01:30:00,2025-04-07 02:30:00
182,HIMG 455,['408'],11,3,4,150,2025-04-07 01:30:00,2025-04-07 02:30:00
183,HIMG 303,['415'],11,3,5,100,2025-04-07 01:30:00,2025-04-07 02:30:00
184,ENG411,['407'],11,3,8,150,2025-04-07 01:30:00,2025-04-07 02:30:00
185,ENG313,['411'],11,3,3,100,2025-04-07 01:30:00,2025-04-07 02:30:00
186,ENG915,['203'],11,3,2,250,2025-04-07 01:30:00,2025-04-07 02:30:00
187,ENG215,['303'],11,3,1,250,2025-04-07 01:30:00,2025-04-07 02:30:00
188,101عرب,['420'],12,4,187,200,2025-04-08 03:00:00,2025-04-08 04:00:00
189,312كهر,['425'],12,4,23,200,2025-04-08 03:00:00,2025-04-08 04:00:00
190,201هعم,['305'],12,4,15,200,2025-04-08 03:00:00,2025-04-08 04:00:00
191,430كهر,['304'],12,4,12,200,2025-04-08 03:00:00,2025-04-08 04:00:00
192,عال,['408'],12,4,57,150,2025-04-08 03:00:00,2025-04-08 04:00:00
193,324بشر,['415'],12,4,65,100,2025-04-08 03:00:00,2025-04-08 04:00:00
194,150نجم,['407'],12,4,75,150,2025-04-08 03:00:00,2025-04-08 04:00:00
195,نظم204,['411'],12,4,45,100,2025-04-08 03:00:00,2025-04-08 04:00:00
196,140 نجم,['203'],12,4,34,250,2025-04-08 03:00:00,2025-04-08 04:00:00
197,343 هال,['303'],12,4,4,250,2025-04-08 03:00:00,2025-04-08 04:00:00
198,204نظم,['407'],12,4,34,100,2025-04-08 03:00:00,2025-04-08 04:00:00
199,307نظم,['406'],12,4,13,40,2025-04-08 03:00:00,2025-04-08 04:00:00
200,305نظم,['405'],12,4,19,40,2025-04-08 03:00:00,2025-04-08 04:00:00
201,406نظم,['طرقة الأمين'],12,4,21,30,2025-04-08 03:00:00,2025-04-08 04:00:00
202,421 كهر,['طرقة الألماني'],12,4,8,30,2025-04-08 03:00:00,2025-04-08 04:00:00
203,311 كمص,['طرقة معامل الدور الثالث'],12,4,10,50,2025-04-08 03:00:00,2025-04-08 04:00:00
204,427كمص,['طرقة معامل الدور الرابع'],12,4,37,50,2025-04-08 03:00:00,2025-04-08 04:00:00
205,231 صحة,['420'],13,4,4,200,2025-04-08 04:30:00,2025-04-08 05:30:00
206,245 تمض,['425'],13,4,16,200,2025-04-08 04:30:00,2025-04-08 05:30:00
207,116 تمض,['305'],13,4,5,200,2025-04-08 04:30:00,2025-04-08 05:30:00
208,235عال,['304'],13,4,2,200,2025-04-08 04:30:00,2025-04-08 05:30:00
209,457هال,['408'],13,4,1,150,2025-04-08 04:30:00,2025-04-08 05:30:00
210,336 هيل,['415'],13,4,2,100,2025-04-08 04:30:00,2025-04-08 05:30:00
211,I.C.103,['407'],13,4,16,150,2025-04-08 04:30:00,2025-04-08 05:30:00
212,101IC,['411'],13,4,6,100,2025-04-08 04:30:00,2025-04-08 05:30:00
213,311 rds,['203'],13,4,35,250,2025-04-08 04:30:00,2025-04-08 05:30:00
214,211SDS,['303'],13,4,31,250,2025-04-08 04:30:00,2025-04-08 05:30:00
215,315هال,['407'],13,4,1,100,2025-04-08 04:30:00,2025-04-08 05:30:00
216,439 صحة,['406'],13,4,1,40,2025-04-08 04:30:00,2025-04-08 05:30:00
217,ED241,"['405', 'طرقة الأمين']",13,4,60,70,2025-04-08 04:30:00,2025-04-08 05:30:00
218,SP340,"['طرقة الألماني', 'طرقة معامل الدور الثالث']",13,4,32,80,2025-04-08 04:30:00,2025-04-08 05:30:00
219,ED313,"['طرقة معامل الدور الرابع', 'طرقة الشؤون']",13,4,54,100,2025-04-08 04:30:00,2025-04-08 05:30:00
220,ISLM 103,['420'],14,4,1,200,2025-04-08 06:00:00,2025-04-08 07:00:00
221,HIMG 304,['425'],14,4,5,200,2025-04-08 06:00:00,2025-04-08 07:00:00
222,ENG413,['305'],14,4,8,200,2025-04-08 06:00:00,2025-04-08 07:00:00
223,ENG311,['304'],14,4,3,200,2025-04-08 06:00:00,2025-04-08 07:00:00
224,ENG1011,['408'],14,4,2,150,2025-04-08 06:00:00,2025-04-08 07:00:00
225,ENG213,['415'],14,4,1,100,2025-04-08 06:00:00,2025-04-08 07:00:00
226,101 سلم,['420'],15,5,114,200,2025-04-08 07:30:00,2025-04-08 08:30:00
227,201كهر,['425'],15,5,18,200,2025-04-08 07:30:00,2025-04-08 08:30:00
228,324احص,['305'],15,5,22,200,2025-04-08 07:30:00,2025-04-08 08:30:00
229,211كهر,['304'],15,5,10,200,2025-04-08 07:30:00,2025-04-08 08:30:00
230,102قصد,['408'],15,5,52,150,2025-04-08 07:30:00,2025-04-08 08:30:00
231,140ريض,['415'],15,5,49,100,2025-04-08 07:30:00,2025-04-08 08:30:00
232,332بشر,['407'],15,5,21,150,2025-04-08 07:30:00,2025-04-08 08:30:00
233,نظم211,['411'],15,5,34,100,2025-04-08 07:30:00,2025-04-08 08:30:00
234,حسب431,['203'],15,5,10,250,2025-04-08 07:30:00,2025-04-08 08:30:00
235,203نظم,['303'],15,5,43,250,2025-04-08 07:30:00,2025-04-08 08:30:00
236,281عال,['407'],15,5,8,100,2025-04-08 07:30:00,2025-04-08 08:30:00
237,311نظم,['406'],15,5,19,40,2025-04-08 07:30:00,2025-04-08 08:30:00
238,402نظم,['405'],15,5,8,40,2025-04-08 07:30:00,2025-04-08 08:30:00
239,423 كهر,['طرقة الأمين'],15,5,8,30,2025-04-08 07:30:00,2025-04-08 08:30:00
240,414 صيد,"['طرقة الألماني', 'طرقة معامل الدور الثالث']",15,5,59,80,2025-04-08 07:30:00,2025-04-08 08:30:00
241,433صيد,['طرقة معامل الدور الرابع'],15,5,21,50,2025-04-08 07:30:00,2025-04-08 08:30:00
242,241 صحة,['طرقة الشؤون'],15,5,5,50,2025-04-08 07:30:00,2025-04-08 08:30:00
243,115 تمض,['420'],16,5,14,200,2025-04-08 09:00:00,2025-04-08 10:00:00
244,363 تمض,['425'],16,5,66,200,2025-04-08 09:00:00,2025-04-08 10:00:00
245,485 تمض,['305'],16,5,18,200,2025-04-08 09:00:00,2025-04-08 10:00:00
246,122 تمض,['304'],16,5,3,200,2025-04-08 09:00:00,2025-04-08 10:00:00
247,461 أشع,['408'],16,5,2,150,2025-04-08 09:00:00,2025-04-08 10:00:00
248,232 كلن,['415'],16,5,7,100,2025-04-08 09:00:00,2025-04-08 10:00:00
249,333 كلن,['407'],16,5,8,150,2025-04-08 09:00:00,2025-04-08 10:00:00
250,493عال,['411'],16,5,1,100,2025-04-08 09:00:00,2025-04-08 10:00:00
251,428عال,['203'],16,5,2,250,2025-04-08 09:00:00,2025-04-08 10:00:00
252,438 تيك,['303'],16,5,6,250,2025-04-08 09:00:00,2025-04-08 10:00:00
253,111 rds,['407'],16,5,44,100,2025-04-08 09:00:00,2025-04-08 10:00:00
254,311 pds,['406'],16,5,30,40,2025-04-08 09:00:00,2025-04-08 10:00:00
255,211PHL,['405'],16,5,31,40,2025-04-08 09:00:00,2025-04-08 10:00:00
256,311كهر,['طرقة الأمين'],16,5,1,30,2025-04-08 09:00:00,2025-04-08 10:00:00
257,SP321,"['طرقة الألماني', 'طرقة معامل الدور الثالث']",16,5,36,80,2025-04-08 09:00:00,2025-04-08 10:00:00
258,SP345,['طرقة معامل الدور الرابع'],16,5,29,50,2025-04-08 09:00:00,2025-04-08 10:00:00
259,SP100,['420'],17,5,54,200,2025-04-08 10:30:00,2025-04-08 11:30:00
260,HIMG 308,['425'],17,5,3,200,2025-04-08 10:30:00,2025-04-08 11:30:00
261,HIMG 313,['305'],17,5,1,200,2025-04-08 10:30:00,2025-04-08 11:30:00
262,HIMG 311,['304'],17,5,3,200,2025-04-08 10:30:00,2025-04-08 11:30:00
263,ISLM 102,['408'],17,5,1,150,2025-04-08 10:30:00,2025-04-08 11:30:00
264,ENG412,['415'],17,5,8,100,2025-04-08 10:30:00,2025-04-08 11:30:00
265,ENG312,['407'],17,5,3,150,2025-04-08 10:30:00,2025-04-08 11:30:00
266,ENG914,['411'],17,5,2,100,2025-04-08 10:30:00,2025-04-08 11:30:00
267,ENG211,['203'],17,5,1,250,2025-04-08 10:30:00,2025-04-08 11:30:00
268,244ريض,['420'],18,6,58,200,2025-04-09 12:00:00,2025-04-09 13:00:00
269,404هعم,['425'],18,6,10,200,2025-04-09 12:00:00,2025-04-09 13:00:00
270,356كهر,['305'],18,6,21,200,2025-04-09 12:00:00,2025-04-09 13:00:00
271,106ريض,['304'],18,6,50,200,2025-04-09 12:00:00,2025-04-09 13:00:00
272,340هال,['408'],18,6,14,150,2025-04-09 12:00:00,2025-04-09 13:00:00
273,101نظم,"['415', '407']",18,6,137,250,2025-04-09 12:00:00,2025-04-09 13:00:00
274,436بشر,['411'],18,6,40,100,2025-04-09 12:00:00,2025-04-09 13:00:00
275,حسب415,['203'],18,6,14,250,2025-04-09 12:00:00,2025-04-09 13:00:00
276,140تقن,['303'],18,6,18,250,2025-04-09 12:00:00,2025-04-09 13:00:00
277,حسب217,['407'],18,6,12,100,2025-04-09 12:00:00,2025-04-09 13:00:00
278,496عال,['406'],18,6,6,40,2025-04-09 12:00:00,2025-04-09 13:00:00
279,201نظم,['405'],18,6,29,40,2025-04-09 12:00:00,2025-04-09 13:00:00
280,معمل2,['طرقة الأمين'],18,6,6,30,2025-04-09 12:00:00,2025-04-09 13:00:00
281,304 عال,['طرقة الألماني'],18,6,4,30,2025-04-09 12:00:00,2025-04-09 13:00:00
282,308نظم,['طرقة معامل الدور الثالث'],18,6,39,50,2025-04-09 12:00:00,2025-04-09 13:00:00
283,429 صكل,['طرقة معامل الدور الرابع'],18,6,38,50,2025-04-09 12:00:00,2025-04-09 13:00:00
284,213 كمص,['طرقة الشؤون'],18,6,13,50,2025-04-09 12:00:00,2025-04-09 13:00:00
285,469 صكل,['420'],19,6,2,200,2025-04-09 13:30:00,2025-04-09 14:30:00
286,323 كلن,['425'],19,6,24,200,2025-04-09 13:30:00,2025-04-09 14:30:00
287,262 صحة,['305'],19,6,20,200,2025-04-09 13:30:00,2025-04-09 14:30:00
288,123 تمض,['304'],19,6,9,200,2025-04-09 13:30:00,2025-04-09 14:30:00
289,341 أشع,['408'],19,6,4,150,2025-04-09 13:30:00,2025-04-09 14:30:00
290,435 أشع,['415'],19,6,2,100,2025-04-09 13:30:00,2025-04-09 14:30:00
291,322 كلن,['407'],19,6,12,150,2025-04-09 13:30:00,2025-04-09 14:30:00
292,241 كلن,['411'],19,6,3,100,2025-04-09 13:30:00,2025-04-09 14:30:00
293,457عال,['203'],19,6,1,250,2025-04-09 13:30:00,2025-04-09 14:30:00
294,445هال,['303'],19,6,1,250,2025-04-09 13:30:00,2025-04-09 14:30:00
295,323 هيل,['407'],19,6,5,100,2025-04-09 13:30:00,2025-04-09 14:30:00
296,331 هيل,['406'],19,6,4,40,2025-04-09 13:30:00,2025-04-09 14:30:00
297,112 ana,"['405', 'طرقة الأمين']",19,6,43,70,2025-04-09 13:30:00,2025-04-09 14:30:00
298,322 rds,"['طرقة الألماني', 'طرقة معامل الدور الثالث']",19,6,33,80,2025-04-09 13:30:00,2025-04-09 14:30:00
299,211MDS,['طرقة معامل الدور الرابع'],19,6,31,50,2025-04-09 13:30:00,2025-04-09 14:30:00
300,433هال,['طرقة الشؤون'],19,6,1,50,2025-04-09 13:30:00,2025-04-09 14:30:00
301,SP211,['420'],20,6,70,200,2025-04-09 15:00:00,2025-04-09 16:00:00
302,SP336,['425'],20,6,22,200,2025-04-09 15:00:00,2025-04-09 16:00:00
303,AR112,['305'],20,6,45,200,2025-04-09 15:00:00,2025-04-09 16:00:00
304,SP410,['304'],20,6,12,200,2025-04-09 15:00:00,2025-04-09 16:00:00
305,HIMG 432,['408'],20,6,2,150,2025-04-09 15:00:00,2025-04-09 16:00:00
306,HIMG 212,['415'],20,6,3,100,2025-04-09 15:00:00,2025-04-09 16:00:00
307,IC102,['407'],20,6,4,150,2025-04-09 15:00:00,2025-04-09 16:00:00
308,IC101,['411'],20,6,3,100,2025-04-09 15:00:00,2025-04-09 16:00:00
309,ENG916,['203'],20,6,2,250,2025-04-09 15:00:00,2025-04-09 16:00:00
310,150صحة,['420'],21,7,89,200,2025-04-09 16:30:00,2025-04-09 17:30:00
311,213كهر,['425'],21,7,45,200,2025-04-09 16:30:00,2025-04-09 17:30:00
312,103فيز,['305'],21,7,74,200,2025-04-09 16:30:00,2025-04-09 17:30:00
313,214كهر,['304'],21,7,19,200,2025-04-09 16:30:00,2025-04-09 17:30:00
314,331بشر,['408'],21,7,113,150,2025-04-09 16:30:00,2025-04-09 17:30:00
315,دار,['415'],21,7,26,100,2025-04-09 16:30:00,2025-04-09 17:30:00
316,316 هال,['407'],21,7,9,150,2025-04-09 16:30:00,2025-04-09 17:30:00
317,103نظم,['411'],21,7,63,100,2025-04-09 16:30:00,2025-04-09 17:30:00
318,209نظم,['203'],21,7,48,250,2025-04-09 16:30:00,2025-04-09 17:30:00
319,303نظم,['303'],21,7,22,250,2025-04-09 16:30:00,2025-04-09 17:30:00
320,401نظم,['407'],21,7,35,100,2025-04-09 16:30:00,2025-04-09 17:30:00
321,415 صكل,"['406', '405']",21,7,55,80,2025-04-09 16:30:00,2025-04-09 17:30:00
322,145إحص,['طرقة الأمين'],21,7,19,30,2025-04-09 16:30:00,2025-04-09 17:30:00
323,324 صكل,['طرقة الألماني'],21,7,20,30,2025-04-09 16:30:00,2025-04-09 17:30:00
324,215 دوي,['طرقة معامل الدور الثالث'],21,7,9,50,2025-04-09 16:30:00,2025-04-09 17:30:00
325,467 صكل,['طرقة معامل الدور الرابع'],21,7,3,50,2025-04-09 16:30:00,2025-04-09 17:30:00
326,353 تمض,['طرقة الشؤون'],21,7,22,50,2025-04-09 16:30:00,2025-04-09 17:30:00
327,222 أشع,['420'],22,7,3,200,2025-04-09 18:00:00,2025-04-09 19:00:00
328,333 هيل,['425'],22,7,2,200,2025-04-09 18:00:00,2025-04-09 19:00:00
329,131 rds,['305'],22,7,43,200,2025-04-09 18:00:00,2025-04-09 19:00:00
330,342 mds,['304'],22,7,29,200,2025-04-09 18:00:00,2025-04-09 19:00:00
331,231RDS,['408'],22,7,28,150,2025-04-09 18:00:00,2025-04-09 19:00:00
332,303 كطب,['415'],22,7,1,100,2025-04-09 18:00:00,2025-04-09 19:00:00
333,PE111,['407'],22,7,52,150,2025-04-09 18:00:00,2025-04-09 19:00:00
334,SP305,['411'],22,7,28,100,2025-04-09 18:00:00,2025-04-09 19:00:00
335,SP402,['203'],22,7,21,250,2025-04-09 18:00:00,2025-04-09 19:00:00
336,BIOL 303,['303'],22,7,1,250,2025-04-09 18:00:00,2025-04-09 19:00:00
337,ENG1013,['407'],22,7,2,100,2025-04-09 18:00:00,2025-04-09 19:00:00
338,104فيز,['420'],23,8,72,200,2025-04-09 19:30:00,2025-04-09 20:30:00
339,330كهر,['425'],23,8,30,200,2025-04-09 19:30:00,2025-04-09 20:30:00
340,107نجم,['305'],23,8,44,200,2025-04-09 19:30:00,2025-04-09 20:30:00
341,331كهر,['304'],23,8,13,200,2025-04-09 19:30:00,2025-04-09 20:30:00
342,علوم2,['408'],23,8,10,150,2025-04-09 19:30:00,2025-04-09 20:30:00
343,101تسق,['415'],23,8,48,100,2025-04-09 19:30:00,2025-04-09 20:30:00
344,101دار,['407'],23,8,41,150,2025-04-09 19:30:00,2025-04-09 20:30:00
345,320بشر,['411'],23,8,48,100,2025-04-09 19:30:00,2025-04-09 20:30:00
346,441تقن,['203'],23,8,34,250,2025-04-09 19:30:00,2025-04-09 20:30:00
347,حسب218,['303'],23,8,35,250,2025-04-09 19:30:00,2025-04-09 20:30:00
348,حسب301,['407'],23,8,10,100,2025-04-09 19:30:00,2025-04-09 20:30:00
349,104نظم,"['406', '405']",23,8,61,80,2025-04-09 19:30:00,2025-04-09 20:30:00
350,205نظم,"['طرقة الأمين', 'طرقة الألماني']",23,8,41,60,2025-04-09 19:30:00,2025-04-09 20:30:00
351,301نظم,['طرقة معامل الدور الثالث'],23,8,27,50,2025-04-09 19:30:00,2025-04-09 20:30:00
352,408نظم,['طرقة معامل الدور الرابع'],23,8,16,50,2025-04-09 19:30:00,2025-04-09 20:30:00
353,224 دوي,['طرقة الشؤون'],23,8,26,50,2025-04-09 19:30:00,2025-04-09 20:30:00
354,438صكل,['420'],24,8,14,200,2025-04-10 21:00:00,2025-04-10 22:00:00
355,109 ريض,['425'],24,8,9,200,2025-04-10 21:00:00,2025-04-10 22:00:00
356,230 تمض,['305'],24,8,14,200,2025-04-10 21:00:00,2025-04-10 22:00:00
357,336هيل,['304'],24,8,36,200,2025-04-10 21:00:00,2025-04-10 22:00:00
358,487 تمض,['408'],24,8,17,150,2025-04-10 21:00:00,2025-04-10 22:00:00
359,356تمض,['415'],24,8,15,100,2025-04-10 21:00:00,2025-04-10 22:00:00
360,261 bch,['407'],24,8,43,150,2025-04-10 21:00:00,2025-04-10 22:00:00
361,321 sds,['411'],24,8,33,100,2025-04-10 21:00:00,2025-04-10 22:00:00
362,211RDS,['203'],24,8,30,250,2025-04-10 21:00:00,2025-04-10 22:00:00
363,SP230,['303'],24,8,64,250,2025-04-10 21:00:00,2025-04-10 22:00:00
364,SP316,['407'],24,8,25,100,2025-04-10 21:00:00,2025-04-10 22:00:00
365,SP415,['406'],24,8,9,40,2025-04-10 21:00:00,2025-04-10 22:00:00
366,105هعم,['420'],25,9,38,200,2025-04-10 22:30:00,2025-04-10 23:30:00
367,999 كهر,['425'],25,9,10,200,2025-04-10 22:30:00,2025-04-10 23:30:00
368,150ريض,['305'],25,9,87,200,2025-04-10 22:30:00,2025-04-10 23:30:00
369,214 هال,['304'],25,9,18,200,2025-04-10 22:30:00,2025-04-10 23:30:00
370,200هال,['408'],25,9,21,150,2025-04-10 22:30:00,2025-04-10 23:30:00
371,361عال,['415'],25,9,12,100,2025-04-10 22:30:00,2025-04-10 23:30:00
372,101كم,['407'],25,9,41,150,2025-04-10 22:30:00,2025-04-10 23:30:00
373,442بشر,['411'],25,9,53,100,2025-04-10 22:30:00,2025-04-10 23:30:00
374,مال230,['203'],25,9,21,250,2025-04-10 22:30:00,2025-04-10 23:30:00
375,202نظم,['303'],25,9,27,250,2025-04-10 22:30:00,2025-04-10 23:30:00
376,208نظم,['407'],25,9,55,100,2025-04-10 22:30:00,2025-04-10 23:30:00
377,304نظم,['406'],25,9,34,40,2025-04-10 22:30:00,2025-04-10 23:30:00
378,409نظم,['405'],25,9,31,40,2025-04-10 22:30:00,2025-04-10 23:30:00
379,436صيد,"['طرقة الأمين', 'طرقة الألماني']",25,9,39,60,2025-04-10 22:30:00,2025-04-10 23:30:00
380,313 كمص,['طرقة معامل الدور الثالث'],25,9,21,50,2025-04-10 22:30:00,2025-04-10 23:30:00
381,311 صكل,['طرقة معامل الدور الرابع'],25,9,8,50,2025-04-10 22:30:00,2025-04-10 23:30:00
382,474 تمض,['طرقة الشؤون'],25,9,17,50,2025-04-10 22:30:00,2025-04-10 23:30:00
383,341 pds,['420'],26,9,6,200,2025-04-11 00:00:00,2025-04-11 01:00:00
384,251MDS,['425'],26,9,31,200,2025-04-11 00:00:00,2025-04-11 01:00:00
385,ED332,['305'],26,9,34,200,2025-04-11 00:00:00,2025-04-11 01:00:00
386,SP210,['304'],26,9,68,200,2025-04-11 00:00:00,2025-04-11 01:00:00
387,P334,['408'],26,9,20,150,2025-04-11 00:00:00,2025-04-11 01:00:00
388,101ريد,['420'],27,10,75,200,2025-04-11 01:30:00,2025-04-11 02:30:00
389,104هعم,['425'],27,10,44,200,2025-04-11 01:30:00,2025-04-11 02:30:00
390,208كهر,['305'],27,10,9,200,2025-04-11 01:30:00,2025-04-11 02:30:00
391,353كهر,['304'],27,10,18,200,2025-04-11 01:30:00,2025-04-11 02:30:00
392,341كهر,['408'],27,10,7,150,2025-04-11 01:30:00,2025-04-11 02:30:00
393,320كهر,['415'],27,10,8,100,2025-04-11 01:30:00,2025-04-11 02:30:00
394,212عال,['407'],27,10,28,150,2025-04-11 01:30:00,2025-04-11 02:30:00
395,102نظم,['411'],27,10,76,100,2025-04-11 01:30:00,2025-04-11 02:30:00
396,431بشر,['203'],27,10,59,250,2025-04-11 01:30:00,2025-04-11 02:30:00
397,حسب465,['303'],27,10,6,250,2025-04-11 01:30:00,2025-04-11 02:30:00
398,306نظم,['407'],27,10,13,100,2025-04-11 01:30:00,2025-04-11 02:30:00
399,405نظم,['406'],27,10,19,40,2025-04-11 01:30:00,2025-04-11 02:30:00
400,499تدص,"['405', 'طرقة الأمين']",27,10,42,70,2025-04-11 01:30:00,2025-04-11 02:30:00
401,222 كمص,"['طرقة الألماني', 'طرقة معامل الدور الثالث']",27,10,37,80,2025-04-11 01:30:00,2025-04-11 02:30:00
402,101 كلن,['طرقة معامل الدور الرابع'],27,10,12,50,2025-04-11 01:30:00,2025-04-11 02:30:00
403,SP302,['420'],28,10,36,200,2025-04-11 03:00:00,2025-04-11 04:00:00
404,ED366,['425'],28,10,54,200,2025-04-11 03:00:00,2025-04-11 04:00:00
405,SP205,['305'],28,10,47,200,2025-04-11 03:00:00,2025-04-11 04:00:00
406,P331,['304'],28,10,5,200,2025-04-11 03:00:00,2025-04-11 04:00:00
407,SP420,['408'],28,10,6,150,2025-04-11 03:00:00,2025-04-11 04:00:00
408,203ريض,['420'],29,11,36,200,2025-04-11 04:30:00,2025-04-11 05:30:00
409,212كهر,['425'],29,11,17,200,2025-04-11 04:30:00,2025-04-11 05:30:00
410,357كهر,['305'],29,11,15,200,2025-04-11 04:30:00,2025-04-11 05:30:00
411,200 ريض,['304'],29,11,42,200,2025-04-11 04:30:00,2025-04-11 05:30:00
412,101بشر,['408'],29,11,39,150,2025-04-11 04:30:00,2025-04-11 05:30:00
413,335بشر,['415'],29,11,43,100,2025-04-11 04:30:00,2025-04-11 05:30:00
414,434بشر,['407'],29,11,36,150,2025-04-11 04:30:00,2025-04-11 05:30:00
415,حسب201,['411'],29,11,13,100,2025-04-11 04:30:00,2025-04-11 05:30:00
416,226 صيد,['203'],29,11,28,250,2025-04-11 04:30:00,2025-04-11 05:30:00
417,313 صيد,['303'],29,11,17,250,2025-04-11 04:30:00,2025-04-11 05:30:00
418,424 دوي,['407'],29,11,19,100,2025-04-11 04:30:00,2025-04-11 05:30:00
419,322 عقر,['406'],29,11,16,40,2025-04-11 04:30:00,2025-04-11 05:30:00
420,473 تمض,"['405', 'طرقة الأمين']",29,11,42,70,2025-04-11 04:30:00,2025-04-11 05:30:00
421,108نجم,['420'],30,12,39,200,2025-04-12 06:00:00,2025-04-12 07:00:00
422,205كهر,['425'],30,12,27,200,2025-04-12 06:00:00,2025-04-12 07:00:00
423,445كهر,['305'],30,12,5,200,2025-04-12 06:00:00,2025-04-12 07:00:00
424,151ريض,['304'],30,12,24,200,2025-04-12 06:00:00,2025-04-12 07:00:00
425,101قصد,['408'],30,12,48,150,2025-04-12 06:00:00,2025-04-12 07:00:00
426,334بشر,['415'],30,12,41,100,2025-04-12 06:00:00,2025-04-12 07:00:00
427,445بشر,['407'],30,12,16,150,2025-04-12 06:00:00,2025-04-12 07:00:00
428,حسب441,['411'],30,12,10,100,2025-04-12 06:00:00,2025-04-12 07:00:00
429,418 دوي,['203'],30,12,37,250,2025-04-12 06:00:00,2025-04-12 07:00:00
430,322 دوي,['303'],30,12,51,250,2025-04-12 06:00:00,2025-04-12 07:00:00
431,313دوي,['407'],30,12,26,100,2025-04-12 06:00:00,2025-04-12 07:00:00
432,211 كمص,['406'],30,12,17,40,2025-04-12 06:00:00,2025-04-12 07:00:00
433,352 تمض,['405'],30,12,13,40,2025-04-12 06:00:00,2025-04-12 07:00:00
434,204ريض,['420'],31,13,30,200,2025-04-12 07:30:00,2025-04-12 08:30:00
435,496كهر,['425'],31,13,12,200,2025-04-12 07:30:00,2025-04-12 08:30:00
436,497كهر,['305'],31,13,19,200,2025-04-12 07:30:00,2025-04-12 08:30:00
437,333بشر,['304'],31,13,36,200,2025-04-12 07:30:00,2025-04-12 08:30:00
438,435بشر,['408'],31,13,30,150,2025-04-12 07:30:00,2025-04-12 08:30:00
439,مال210,['415'],31,13,13,100,2025-04-12 07:30:00,2025-04-12 08:30:00
440,415 صيد,['407'],31,13,59,150,2025-04-12 07:30:00,2025-04-12 08:30:00
441,212 دوي,['411'],31,13,12,100,2025-04-12 07:30:00,2025-04-12 08:30:00
442,489 تمض,['203'],31,13,21,250,2025-04-12 07:30:00,2025-04-12 08:30:00
443,310كهر,['420'],32,14,26,200,2025-04-12 09:00:00,2025-04-12 10:00:00
444,351كهر,['425'],32,14,8,200,2025-04-12 09:00:00,2025-04-12 10:00:00
445,443 كهر,['305'],32,14,7,200,2025-04-12 09:00:00,2025-04-12 10:00:00
446,414 عقر,['304'],32,14,39,200,2025-04-12 09:00:00,2025-04-12 10:00:00
447,326 صكل,['408'],32,14,22,150,2025-04-12 09:00:00,2025-04-12 10:00:00
448,340كهر,['420'],33,15,12,200,2025-04-12 10:30:00,2025-04-12 11:30:00
449,446 كهر,['425'],33,15,8,200,2025-04-12 10:30:00,2025-04-12 11:30:00
450,416 صكل,['305'],33,15,51,200,2025-04-12 10:30:00,2025-04-12 11:30:00
451,430 صكل,['304'],33,15,43,200,2025-04-12 10:30:00,2025-04-12 11:30:00
452,432كهر,['420'],34,16,6,200,2025-04-12 12:00:00,2025-04-12 13:00:00
453,413 عقر,['425'],34,16,28,200,2025-04-12 12:00:00,2025-04-12 13:00:00
454,435صيد,['305'],34,16,20,200,2025-04-12 12:00:00,2025-04-12 13:00:00
455,213 دوي,['304'],34,16,14,200,2025-04-12 12:00:00,2025-04-12 13:00:00
456,328 صكل,['420'],35,17,35,200,2025-04-12 13:30:00,2025-04-12 14:30:00
457,420 صكل,['425'],35,17,9,200,2025-04-12 13:30:00,2025-04-12 14:30:00
458,432صيد,['305'],35,17,40,200,2025-04-12 13:30:00,2025-04-12 14:30:00
459,425 دوي,['420'],36,18,19,200,2025-04-13 15:00:00,2025-04-13 16:00:00
460,222 عقر,['425'],36,18,31,200,2025-04-13 15:00:00,2025-04-13 16:00:00
